,features_1,features_2,features_3,label
0,2.5,0.0,58,B
1,2.5,0.02,61,B
2,2.5,0.05,33,B
3,2.5,0.07,89,B
4,2.5,0.1,58,B
5,2.5,0.12,81,B
6,2.5,0.15,29,B
7,2.49,0.17,68,B
8,2.49,0.2,36,B
9,2.49,0.22,84,B
10,2.49,0.25,71,B
11,2.48,0.27,25,B
12,2.48,0.3,88,B
13,2.48,0.32,70,B
14,2.48,0.35,62,B
15,2.47,0.37,42,B
16,2.47,0.4,10,B
17,2.46,0.42,57,B
18,2.46,0.45,98,B
19,2.46,0.47,15,B
20,2.45,0.5,16,B
21,2.45,0.52,39,B
22,2.44,0.55,43,B
23,2.43,0.57,48,B
24,2.43,0.59,72,B
25,2.42,0.62,54,B
26,2.42,0.64,40,B
27,2.41,0.67,28,B
28,2.4,0.69,33,B
29,2.4,0.71,1,B
30,2.39,0.74,77,B
31,2.38,0.76,8,B
32,2.37,0.79,95,B
33,2.37,0.81,69,B
34,2.36,0.83,50,B
35,2.35,0.86,12,B
36,2.34,0.88,60,B
37,2.33,0.9,8,B
38,2.32,0.93,49,B
39,2.31,0.95,91,B
40,2.3,0.97,90,B
41,2.29,1.0,96,B
42,2.28,1.02,46,B
43,2.27,1.04,46,B
44,2.26,1.06,58,B
45,2.25,1.09,6,B
46,2.24,1.11,92,B
47,2.23,1.13,49,B
48,2.22,1.15,67,B
49,2.21,1.18,92,B
50,2.19,1.2,41,B
51,2.18,1.22,97,B
52,2.17,1.24,65,B
53,2.16,1.26,48,B
54,2.14,1.29,56,B
55,2.13,1.31,67,B
56,2.12,1.33,25,B
57,2.1,1.35,87,B
58,2.09,1.37,21,B
59,2.08,1.39,90,B
60,2.06,1.41,27,B
61,2.05,1.43,77,B
62,2.03,1.45,54,B
63,2.02,1.47,80,B
64,2.01,1.49,63,B
65,1.99,1.51,90,B
66,1.97,1.53,41,B
67,1.96,1.55,34,B
68,1.94,1.57,91,B
69,1.93,1.59,45,B
70,1.91,1.61,35,B
71,1.9,1.63,66,B
72,1.88,1.65,63,B
73,1.86,1.67,45,B
74,1.85,1.69,88,B
75,1.83,1.7,58,B
76,1.81,1.72,29,B
77,1.79,1.74,64,B
78,1.78,1.76,19,B
79,1.76,1.78,18,B
80,1.74,1.79,67,B
81,1.72,1.81,84,B
82,1.71,1.83,93,B
83,1.69,1.84,6,B
84,1.67,1.86,8,B
85,1.65,1.88,47,B
86,1.63,1.89,42,B
87,1.61,1.91,40,B
88,1.59,1.93,76,B
89,1.57,1.94,28,B
90,1.55,1.96,8,B
91,1.53,1.97,82,B
92,1.51,1.99,21,B
93,1.49,2.0,90,B
94,1.47,2.02,42,B
95,1.45,2.03,95,B
96,1.43,2.05,81,B
97,1.41,2.06,91,B
98,1.39,2.08,60,B
99,1.37,2.09,91,B
100,1.35,2.1,90,B
101,1.33,2.12,83,B
102,1.31,2.13,98,B
103,1.29,2.14,53,B
104,1.27,2.16,58,B
105,1.24,2.17,34,B
106,1.22,2.18,39,B
107,1.2,2.19,23,B
108,1.18,2.2,42,B
109,1.16,2.22,29,B
110,1.13,2.23,1,B
111,1.11,2.24,30,B
112,1.09,2.25,38,B
113,1.07,2.26,55,B
114,1.04,2.27,92,B
115,1.02,2.28,11,B
116,1.0,2.29,17,B
117,0.98,2.3,78,B
118,0.95,2.31,63,B
119,0.93,2.32,50,B
120,0.91,2.33,11,B
121,0.88,2.34,31,B
122,0.86,2.35,50,B
123,0.84,2.36,23,B
124,0.81,2.36,25,B
125,0.79,2.37,69,B
126,0.76,2.38,98,B
127,0.74,2.39,25,B
128,0.72,2.4,72,B
129,0.69,2.4,84,B
130,0.67,2.41,18,B
131,0.64,2.42,47,B
132,0.62,2.42,10,B
133,0.6,2.43,78,B
134,0.57,2.43,78,B
135,0.55,2.44,49,B
136,0.52,2.44,83,B
137,0.5,2.45,87,B
138,0.47,2.45,63,B
139,0.45,2.46,56,B
140,0.42,2.46,58,B
141,0.4,2.47,90,B
142,0.38,2.47,92,B
143,0.35,2.48,55,B
144,0.33,2.48,10,B
145,0.3,2.48,58,B
146,0.28,2.48,84,B
147,0.25,2.49,40,B
148,0.23,2.49,82,B
149,0.2,2.49,55,B
150,0.18,2.49,42,B
151,0.15,2.5,67,B
152,0.13,2.5,44,B
153,0.1,2.5,94,B
154,0.08,2.5,96,B
155,0.05,2.5,51,B
156,0.03,2.5,46,B
157,0.0,2.5,58,B
158,-0.02,2.5,33,B
159,-0.05,2.5,94,B
160,-0.07,2.5,39,B
161,-0.1,2.5,41,B
162,-0.12,2.5,76,B
163,-0.15,2.5,32,B
164,-0.17,2.49,40,B
165,-0.2,2.49,56,B
166,-0.22,2.49,40,B
167,-0.25,2.49,57,B
168,-0.27,2.49,47,B
169,-0.3,2.48,79,B
170,-0.32,2.48,39,B
171,-0.35,2.48,31,B
172,-0.37,2.47,38,B
173,-0.4,2.47,87,B
174,-0.42,2.46,60,B
175,-0.45,2.46,2,B
176,-0.47,2.46,34,B
177,-0.49,2.45,31,B
178,-0.52,2.45,66,B
179,-0.54,2.44,11,B
180,-0.57,2.43,68,B
181,-0.59,2.43,10,B
182,-0.62,2.42,57,B
183,-0.64,2.42,36,B
184,-0.66,2.41,66,B
185,-0.69,2.4,5,B
186,-0.71,2.4,8,B
187,-0.74,2.39,49,B
188,-0.76,2.38,5,B
189,-0.78,2.37,52,B
190,-0.81,2.37,60,B
191,-0.83,2.36,71,B
192,-0.86,2.35,30,B
193,-0.88,2.34,30,B
194,-0.9,2.33,71,B
195,-0.93,2.32,96,B
196,-0.95,2.31,7,B
197,-0.97,2.3,18,B
198,-0.99,2.29,68,B
199,-1.02,2.28,88,B
200,-1.04,2.27,40,B
201,-1.06,2.26,82,B
202,-1.09,2.25,61,B
203,-1.11,2.24,31,B
204,-1.13,2.23,1,B
205,-1.15,2.22,98,B
206,-1.17,2.21,26,B
207,-1.2,2.19,96,B
208,-1.22,2.18,78,B
209,-1.24,2.17,10,B
210,-1.26,2.16,23,B
211,-1.28,2.15,8,B
212,-1.31,2.13,83,B
213,-1.33,2.12,86,B
214,-1.35,2.11,0,B
215,-1.37,2.09,88,B
216,-1.39,2.08,63,B
217,-1.41,2.06,80,B
218,-1.43,2.05,33,B
219,-1.45,2.04,8,B
220,-1.47,2.02,55,B
221,-1.49,2.01,76,B
222,-1.51,1.99,6,B
223,-1.53,1.98,65,B
224,-1.55,1.96,98,B
225,-1.57,1.95,14,B
226,-1.59,1.93,99,B
227,-1.61,1.91,92,B
228,-1.63,1.9,92,B
229,-1.65,1.88,56,B
230,-1.67,1.86,15,B
231,-1.68,1.85,82,B
232,-1.7,1.83,56,B
233,-1.72,1.81,82,B
234,-1.74,1.8,0,B
235,-1.76,1.78,23,B
236,-1.77,1.76,51,B
237,-1.79,1.74,51,B
238,-1.81,1.73,58,B
239,-1.83,1.71,28,B
240,-1.84,1.69,14,B
241,-1.86,1.67,10,B
242,-1.88,1.65,34,B
243,-1.89,1.63,97,B
244,-1.91,1.61,31,B
245,-1.93,1.59,94,B
246,-1.94,1.58,59,B
247,-1.96,1.56,89,B
248,-1.97,1.54,31,B
249,-1.99,1.52,60,B
250,-2.0,1.5,5,B
251,-2.02,1.48,36,B
252,-2.03,1.46,86,B
253,-2.05,1.44,73,B
254,-2.06,1.41,34,B
255,-2.08,1.39,98,B
256,-2.09,1.37,12,B
257,-2.1,1.35,76,B
258,-2.12,1.33,14,B
259,-2.13,1.31,78,B
260,-2.14,1.29,59,B
261,-2.16,1.27,93,B
262,-2.17,1.25,40,B
263,-2.18,1.22,34,B
264,-2.19,1.2,2,B
265,-2.2,1.18,85,B
266,-2.22,1.16,84,B
267,-2.23,1.14,77,B
268,-2.24,1.11,78,B
269,-2.25,1.09,64,B
270,-2.26,1.07,68,B
271,-2.27,1.05,80,B
272,-2.28,1.02,21,B
273,-2.29,1.0,62,B
274,-2.3,0.98,4,B
275,-2.31,0.95,26,B
276,-2.32,0.93,79,B
277,-2.33,0.91,62,B
278,-2.34,0.88,10,B
279,-2.35,0.86,40,B
280,-2.36,0.84,71,B
281,-2.36,0.81,60,B
282,-2.37,0.79,60,B
283,-2.38,0.77,49,B
284,-2.39,0.74,71,B
285,-2.39,0.72,61,B
286,-2.4,0.69,67,B
287,-2.41,0.67,70,B
288,-2.41,0.65,52,B
289,-2.42,0.62,61,B
290,-2.43,0.6,10,B
291,-2.43,0.57,65,B
292,-2.44,0.55,71,B
293,-2.44,0.53,75,B
294,-2.45,0.5,81,B
295,-2.45,0.48,18,B
296,-2.46,0.45,14,B
297,-2.46,0.43,64,B
298,-2.47,0.4,8,B
299,-2.47,0.38,76,B
300,-2.47,0.35,12,B
301,-2.48,0.33,31,B
302,-2.48,0.3,68,B
303,-2.48,0.28,82,B
304,-2.49,0.25,60,B
305,-2.49,0.23,79,B
306,-2.49,0.2,98,B
307,-2.49,0.18,86,B
308,-2.5,0.15,82,B
309,-2.5,0.13,49,B
310,-2.5,0.1,27,B
311,-2.5,0.08,70,B
312,-2.5,0.05,21,B
313,-2.5,0.03,62,B
314,-2.5,0.0,67,B
315,-2.5,-0.02,79,B
316,-2.5,-0.05,55,B
317,-2.5,-0.07,54,B
318,-2.5,-0.1,28,B
319,-2.5,-0.12,40,B
320,-2.5,-0.15,53,B
321,-2.49,-0.17,1,B
322,-2.49,-0.2,53,B
323,-2.49,-0.22,40,B
324,-2.49,-0.25,40,B
325,-2.49,-0.27,15,B
326,-2.48,-0.3,5,B
327,-2.48,-0.32,38,B
328,-2.48,-0.34,44,B
329,-2.47,-0.37,75,B
330,-2.47,-0.39,65,B
331,-2.46,-0.42,84,B
332,-2.46,-0.44,19,B
333,-2.46,-0.47,83,B
334,-2.45,-0.49,38,B
335,-2.45,-0.52,45,B
336,-2.44,-0.54,81,B
337,-2.44,-0.57,52,B
338,-2.43,-0.59,81,B
339,-2.42,-0.61,60,B
340,-2.42,-0.64,51,B
341,-2.41,-0.66,19,B
342,-2.4,-0.69,53,B
343,-2.4,-0.71,25,B
344,-2.39,-0.73,30,B
345,-2.38,-0.76,74,B
346,-2.37,-0.78,91,B
347,-2.37,-0.81,47,B
348,-2.36,-0.83,47,B
349,-2.35,-0.85,44,B
350,-2.34,-0.88,48,B
351,-2.33,-0.9,30,B
352,-2.32,-0.92,81,B
353,-2.31,-0.95,12,B
354,-2.3,-0.97,83,B
355,-2.29,-0.99,29,B
356,-2.28,-1.02,90,B
357,-2.27,-1.04,5,B
358,-2.26,-1.06,88,B
359,-2.25,-1.08,49,B
360,-2.24,-1.11,72,B
361,-2.23,-1.13,42,B
362,-2.22,-1.15,66,B
363,-2.21,-1.17,67,B
364,-2.2,-1.2,98,B
365,-2.18,-1.22,95,B
366,-2.17,-1.24,25,B
367,-2.16,-1.26,15,B
368,-2.15,-1.28,23,B
369,-2.13,-1.3,84,B
370,-2.12,-1.32,82,B
371,-2.11,-1.35,83,B
372,-2.09,-1.37,96,B
373,-2.08,-1.39,66,B
374,-2.07,-1.41,24,B
375,-2.05,-1.43,65,B
376,-2.04,-1.45,59,B
377,-2.02,-1.47,6,B
378,-2.01,-1.49,22,B
379,-1.99,-1.51,14,B
380,-1.98,-1.53,36,B
381,-1.96,-1.55,17,B
382,-1.95,-1.57,14,B
383,-1.93,-1.59,63,B
384,-1.91,-1.61,28,B
385,-1.9,-1.63,69,B
386,-1.88,-1.65,90,B
387,-1.87,-1.66,58,B
388,-1.85,-1.68,54,B
389,-1.83,-1.7,54,B
390,-1.81,-1.72,13,B
391,-1.8,-1.74,17,B
392,-1.78,-1.76,22,B
393,-1.76,-1.77,65,B
394,-1.74,-1.79,45,B
395,-1.73,-1.81,27,B
396,-1.71,-1.83,62,B
397,-1.69,-1.84,12,B
398,-1.67,-1.86,71,B
399,-1.65,-1.88,72,B
400,-1.63,-1.89,99,B
401,-1.62,-1.91,92,B
402,-1.6,-1.92,81,B
403,-1.58,-1.94,64,B
404,-1.56,-1.96,96,B
405,-1.54,-1.97,28,B
406,-1.52,-1.99,72,B
407,-1.5,-2.0,87,B
408,-1.48,-2.02,91,B
409,-1.46,-2.03,89,B
410,-1.44,-2.05,75,B
411,-1.42,-2.06,66,B
412,-1.4,-2.07,36,B
413,-1.38,-2.09,69,B
414,-1.35,-2.1,43,B
415,-1.33,-2.11,79,B
416,-1.31,-2.13,50,B
417,-1.29,-2.14,95,B
418,-1.27,-2.15,59,B
419,-1.25,-2.17,83,B
420,-1.23,-2.18,20,B
421,-1.2,-2.19,83,B
422,-1.18,-2.2,87,B
423,-1.16,-2.21,83,B
424,-1.14,-2.23,72,B
425,-1.12,-2.24,97,B
426,-1.09,-2.25,56,B
427,-1.07,-2.26,76,B
428,-1.05,-2.27,20,B
429,-1.02,-2.28,37,B
430,-1.0,-2.29,59,B
431,-0.98,-2.3,13,B
432,-0.96,-2.31,19,B
433,-0.93,-2.32,69,B
434,-0.91,-2.33,28,B
435,-0.89,-2.34,22,B
436,-0.86,-2.35,16,B
437,-0.84,-2.35,93,B
438,-0.82,-2.36,72,B
439,-0.79,-2.37,92,B
440,-0.77,-2.38,82,B
441,-0.74,-2.39,22,B
442,-0.72,-2.39,93,B
443,-0.7,-2.4,89,B
444,-0.67,-2.41,40,B
445,-0.65,-2.41,29,B
446,-0.62,-2.42,89,B
447,-0.6,-2.43,29,B
448,-0.58,-2.43,40,B
449,-0.55,-2.44,21,B
450,-0.53,-2.44,51,B
451,-0.5,-2.45,52,B
452,-0.48,-2.45,42,B
453,-0.45,-2.46,98,B
454,-0.43,-2.46,20,B
455,-0.4,-2.47,77,B
456,-0.38,-2.47,81,B
457,-0.35,-2.47,35,B
458,-0.33,-2.48,51,B
459,-0.31,-2.48,38,B
460,-0.28,-2.48,99,B
461,-0.26,-2.49,36,B
462,-0.23,-2.49,40,B
463,-0.21,-2.49,33,B
464,-0.18,-2.49,54,B
465,-0.16,-2.5,82,B
466,-0.13,-2.5,3,B
467,-0.11,-2.5,57,B
468,-0.08,-2.5,25,B
469,-0.06,-2.5,29,B
470,-0.03,-2.5,89,B
471,-0.01,-2.5,70,B
472,0.02,-2.5,84,B
473,0.04,-2.5,83,B
474,0.07,-2.5,89,B
475,0.09,-2.5,64,B
476,0.12,-2.5,41,B
477,0.14,-2.5,19,B
478,0.17,-2.49,14,B
479,0.19,-2.49,59,B
480,0.22,-2.49,74,B
481,0.24,-2.49,51,B
482,0.27,-2.49,58,B
483,0.29,-2.48,48,B
484,0.32,-2.48,21,B
485,0.34,-2.48,21,B
486,0.37,-2.47,62,B
487,0.39,-2.47,41,B
488,0.42,-2.46,79,B
489,0.44,-2.46,33,B
490,0.47,-2.46,94,B
491,0.49,-2.45,91,B
492,0.52,-2.45,46,B
493,0.54,-2.44,3,B
494,0.56,-2.44,82,B
495,0.59,-2.43,14,B
496,0.61,-2.42,97,B
497,0.64,-2.42,14,B
498,0.66,-2.41,8,B
499,0.69,-2.4,60,B
500,0.71,-2.4,1,B
501,0.73,-2.39,39,B
502,0.76,-2.38,43,B
503,0.78,-2.37,57,B
504,0.8,-2.37,57,B
505,0.83,-2.36,76,B
506,0.85,-2.35,82,B
507,0.88,-2.34,24,B
508,0.9,-2.33,28,B
509,0.92,-2.32,86,B
510,0.94,-2.31,35,B
511,0.97,-2.3,5,B
512,0.99,-2.3,20,B
513,1.01,-2.29,21,B
514,1.04,-2.27,48,B
515,1.06,-2.26,78,B
516,1.08,-2.25,97,B
517,1.1,-2.24,99,B
518,1.13,-2.23,99,B
519,1.15,-2.22,42,B
520,1.17,-2.21,96,B
521,1.19,-2.2,16,B
522,1.22,-2.18,86,B
523,1.24,-2.17,92,B
524,1.26,-2.16,40,B
525,1.28,-2.15,68,B
526,1.3,-2.13,71,B
527,1.32,-2.12,98,B
528,1.34,-2.11,52,B
529,1.37,-2.09,31,B
530,1.39,-2.08,3,B
531,1.41,-2.07,12,B
532,1.43,-2.05,45,B
533,1.45,-2.04,40,B
534,1.47,-2.02,32,B
535,1.49,-2.01,0,B
536,1.51,-1.99,2,B
537,1.53,-1.98,42,B
538,1.55,-1.96,50,B
539,1.57,-1.95,44,B
540,1.59,-1.93,49,B
541,1.61,-1.92,76,B
542,1.63,-1.9,61,B
543,1.64,-1.88,57,B
544,1.66,-1.87,18,B
545,1.68,-1.85,91,B
546,1.7,-1.83,91,B
547,1.72,-1.82,87,B
548,1.74,-1.8,69,B
549,1.75,-1.78,50,B
550,1.77,-1.76,33,B
551,1.79,-1.75,59,B
552,1.81,-1.73,98,B
553,1.82,-1.71,70,B
554,1.84,-1.69,16,B
555,1.86,-1.67,34,B
556,1.87,-1.65,66,B
557,1.89,-1.64,47,B
558,1.91,-1.62,75,B
559,1.92,-1.6,56,B
560,1.94,-1.58,5,B
561,1.95,-1.56,46,B
562,1.97,-1.54,8,B
563,1.99,-1.52,59,B
564,2.0,-1.5,77,B
565,2.02,-1.48,83,B
566,2.03,-1.46,21,B
567,2.04,-1.44,21,B
568,2.06,-1.42,2,B
569,2.07,-1.4,9,B
570,2.09,-1.38,75,B
571,2.1,-1.36,22,B
572,2.11,-1.33,74,B
573,2.13,-1.31,5,B
574,2.14,-1.29,39,B
575,2.15,-1.27,6,B
576,2.17,-1.25,88,B
577,2.18,-1.23,81,B
578,2.19,-1.21,19,B
579,2.2,-1.18,70,B
580,2.21,-1.16,24,B
581,2.23,-1.14,31,B
582,2.24,-1.12,72,B
583,2.25,-1.09,75,B
584,2.26,-1.07,45,B
585,2.27,-1.05,46,B
586,2.28,-1.03,95,B
587,2.29,-1.0,89,B
588,2.3,-0.98,30,B
589,2.31,-0.96,40,B
590,2.32,-0.93,11,B
591,2.33,-0.91,17,B
592,2.34,-0.89,92,B
593,2.35,-0.86,30,B
594,2.35,-0.84,87,B
595,2.36,-0.82,13,B
596,2.37,-0.79,75,B
597,2.38,-0.77,28,B
598,2.39,-0.75,23,B
599,2.39,-0.72,22,B
600,2.4,-0.7,60,B
601,2.41,-0.67,40,B
602,2.41,-0.65,20,B
603,2.42,-0.63,36,B
604,2.43,-0.6,50,B
605,2.43,-0.58,97,B
606,2.44,-0.55,78,B
607,2.44,-0.53,11,B
608,2.45,-0.5,98,B
609,2.45,-0.48,62,B
610,2.46,-0.46,74,B
611,2.46,-0.43,37,B
612,2.47,-0.41,40,B
613,2.47,-0.38,99,B
614,2.47,-0.36,47,B
615,2.48,-0.33,19,B
616,2.48,-0.31,68,B
617,2.48,-0.28,4,B
618,2.49,-0.26,71,B
619,2.49,-0.23,70,B
620,2.49,-0.21,99,B
621,2.49,-0.18,15,B
622,2.5,-0.16,89,B
623,2.5,-0.13,35,B
624,2.5,-0.11,7,B
625,2.5,-0.08,49,B
626,2.5,-0.06,45,B
627,2.5,-0.03,36,B
628,2.5,-0.01,30,B
629,2.0,0.0,61,A
630,2.0,0.02,26,A
631,2.0,0.04,85,A
632,2.0,0.06,7,A
633,2.0,0.08,91,A
634,2.0,0.1,18,A
635,2.0,0.12,78,A
636,2.0,0.14,62,A
637,1.99,0.16,28,A
638,1.99,0.18,64,A
639,1.99,0.2,8,A
640,1.99,0.22,49,A
641,1.99,0.24,82,A
642,1.98,0.26,55,A
643,1.98,0.28,51,A
644,1.98,0.3,85,A
645,1.97,0.32,81,A
646,1.97,0.34,33,A
647,1.97,0.36,23,A
648,1.96,0.38,18,A
649,1.96,0.4,25,A
650,1.96,0.42,14,A
651,1.95,0.44,49,A
652,1.95,0.46,79,A
653,1.94,0.48,33,A
654,1.94,0.49,15,A
655,1.93,0.51,79,A
656,1.93,0.53,7,A
657,1.92,0.55,12,A
658,1.92,0.57,0,A
659,1.91,0.59,71,A
660,1.9,0.61,61,A
661,1.9,0.63,40,A
662,1.89,0.65,35,A
663,1.89,0.67,2,A
664,1.88,0.69,10,A
665,1.87,0.7,43,A
666,1.86,0.72,83,A
667,1.86,0.74,42,A
668,1.85,0.76,28,A
669,1.84,0.78,39,A
670,1.83,0.8,13,A
671,1.83,0.82,73,A
672,1.82,0.83,7,A
673,1.81,0.85,14,A
674,1.8,0.87,74,A
675,1.79,0.89,79,A
676,1.78,0.91,40,A
677,1.77,0.92,58,A
678,1.76,0.94,81,A
679,1.76,0.96,8,A
680,1.75,0.98,93,A
681,1.74,0.99,10,A
682,1.73,1.01,57,A
683,1.72,1.03,46,A
684,1.71,1.05,36,A
685,1.69,1.06,19,A
686,1.68,1.08,6,A
687,1.67,1.1,12,A
688,1.66,1.11,24,A
689,1.65,1.13,89,A
690,1.64,1.15,32,A
691,1.63,1.16,91,A
692,1.62,1.18,46,A
693,1.6,1.19,11,A
694,1.59,1.21,55,A
695,1.58,1.23,20,A
696,1.57,1.24,41,A
697,1.56,1.26,42,A
698,1.54,1.27,41,A
699,1.53,1.29,79,A
700,1.52,1.3,20,A
701,1.5,1.32,21,A
702,1.49,1.33,1,A
703,1.48,1.35,32,A
704,1.46,1.36,79,A
705,1.45,1.38,15,A
706,1.44,1.39,61,A
707,1.42,1.41,70,A
708,1.41,1.42,4,A
709,1.39,1.43,90,A
710,1.38,1.45,59,A
711,1.36,1.46,47,A
712,1.35,1.48,1,A
713,1.33,1.49,25,A
714,1.32,1.5,71,A
715,1.3,1.52,79,A
716,1.29,1.53,95,A
717,1.27,1.54,56,A
718,1.26,1.55,24,A
719,1.24,1.57,46,A
720,1.23,1.58,75,A
721,1.21,1.59,37,A
722,1.2,1.6,93,A
723,1.18,1.62,43,A
724,1.16,1.63,92,A
725,1.15,1.64,91,A
726,1.13,1.65,56,A
727,1.11,1.66,48,A
728,1.1,1.67,98,A
729,1.08,1.68,98,A
730,1.06,1.69,57,A
731,1.05,1.7,73,A
732,1.03,1.71,19,A
733,1.01,1.72,75,A
734,1.0,1.73,98,A
735,0.98,1.74,93,A
736,0.96,1.75,56,A
737,0.94,1.76,88,A
738,0.92,1.77,79,A
739,0.91,1.78,33,A
740,0.89,1.79,48,A
741,0.87,1.8,68,A
742,0.85,1.81,16,A
743,0.84,1.82,9,A
744,0.82,1.83,69,A
745,0.8,1.83,21,A
746,0.78,1.84,99,A
747,0.76,1.85,48,A
748,0.74,1.86,83,A
749,0.72,1.86,69,A
750,0.71,1.87,92,A
751,0.69,1.88,73,A
752,0.67,1.88,65,A
753,0.65,1.89,63,A
754,0.63,1.9,19,A
755,0.61,1.9,12,A
756,0.59,1.91,67,A
757,0.57,1.92,79,A
758,0.55,1.92,78,A
759,0.53,1.93,55,A
760,0.52,1.93,37,A
761,0.5,1.94,17,A
762,0.48,1.94,21,A
763,0.46,1.95,55,A
764,0.44,1.95,56,A
765,0.42,1.96,79,A
766,0.4,1.96,36,A
767,0.38,1.96,29,A
768,0.36,1.97,27,A
769,0.34,1.97,10,A
770,0.32,1.97,43,A
771,0.3,1.98,40,A
772,0.28,1.98,98,A
773,0.26,1.98,42,A
774,0.24,1.99,20,A
775,0.22,1.99,33,A
776,0.2,1.99,22,A
777,0.18,1.99,65,A
778,0.16,1.99,39,A
779,0.14,1.99,71,A
780,0.12,2.0,9,A
781,0.1,2.0,25,A
782,0.08,2.0,83,A
783,0.06,2.0,22,A
784,0.04,2.0,30,A
785,0.02,2.0,79,A
786,0.0,2.0,96,A
787,-0.02,2.0,49,A
788,-0.04,2.0,18,A
789,-0.06,2.0,86,A
790,-0.08,2.0,46,A
791,-0.1,2.0,94,A
792,-0.12,2.0,54,A
793,-0.14,2.0,21,A
794,-0.16,1.99,22,A
795,-0.18,1.99,19,A
796,-0.2,1.99,46,A
797,-0.22,1.99,55,A
798,-0.24,1.99,39,A
799,-0.26,1.98,50,A
800,-0.28,1.98,29,A
801,-0.3,1.98,68,A
802,-0.32,1.97,10,A
803,-0.34,1.97,7,A
804,-0.36,1.97,35,A
805,-0.38,1.96,16,A
806,-0.4,1.96,24,A
807,-0.42,1.96,65,A
808,-0.43,1.95,27,A
809,-0.45,1.95,28,A
810,-0.47,1.94,68,A
811,-0.49,1.94,91,A
812,-0.51,1.93,72,A
813,-0.53,1.93,51,A
814,-0.55,1.92,59,A
815,-0.57,1.92,27,A
816,-0.59,1.91,91,A
817,-0.61,1.91,68,A
818,-0.63,1.9,24,A
819,-0.65,1.89,43,A
820,-0.67,1.89,36,A
821,-0.68,1.88,41,A
822,-0.7,1.87,66,A
823,-0.72,1.87,15,A
824,-0.74,1.86,35,A
825,-0.76,1.85,42,A
826,-0.78,1.84,98,A
827,-0.8,1.83,84,A
828,-0.81,1.83,90,A
829,-0.83,1.82,23,A
830,-0.85,1.81,74,A
831,-0.87,1.8,1,A
832,-0.89,1.79,95,A
833,-0.9,1.78,74,A
834,-0.92,1.77,32,A
835,-0.94,1.77,81,A
836,-0.96,1.76,74,A
837,-0.97,1.75,51,A
838,-0.99,1.74,20,A
839,-1.01,1.73,18,A
840,-1.03,1.72,38,A
841,-1.04,1.71,82,A
842,-1.06,1.7,60,A
843,-1.08,1.68,20,A
844,-1.09,1.67,82,A
845,-1.11,1.66,63,A
846,-1.13,1.65,88,A
847,-1.14,1.64,72,A
848,-1.16,1.63,77,A
849,-1.18,1.62,20,A
850,-1.19,1.61,68,A
851,-1.21,1.59,17,A
852,-1.22,1.58,2,A
853,-1.24,1.57,93,A
854,-1.26,1.56,16,A
855,-1.27,1.54,48,A
856,-1.29,1.53,63,A
857,-1.3,1.52,82,A
858,-1.32,1.5,57,A
859,-1.33,1.49,93,A
860,-1.35,1.48,61,A
861,-1.36,1.46,53,A
862,-1.38,1.45,5,A
863,-1.39,1.44,7,A
864,-1.41,1.42,76,A
865,-1.42,1.41,26,A
866,-1.43,1.39,39,A
867,-1.45,1.38,41,A
868,-1.46,1.37,73,A
869,-1.47,1.35,98,A
870,-1.49,1.34,49,A
871,-1.5,1.32,57,A
872,-1.51,1.31,11,A
873,-1.53,1.29,66,A
874,-1.54,1.28,68,A
875,-1.55,1.26,88,A
876,-1.57,1.24,35,A
877,-1.58,1.23,50,A
878,-1.59,1.21,97,A
879,-1.6,1.2,94,A
880,-1.61,1.18,23,A
881,-1.63,1.16,66,A
882,-1.64,1.15,32,A
883,-1.65,1.13,74,A
884,-1.66,1.12,37,A
885,-1.67,1.1,31,A
886,-1.68,1.08,92,A
887,-1.69,1.07,63,A
888,-1.7,1.05,69,A
889,-1.71,1.03,60,A
890,-1.72,1.01,36,A
891,-1.73,1.0,49,A
892,-1.74,0.98,42,A
893,-1.75,0.96,79,A
894,-1.76,0.94,24,A
895,-1.77,0.93,14,A
896,-1.78,0.91,24,A
897,-1.79,0.89,71,A
898,-1.8,0.87,73,A
899,-1.81,0.85,90,A
900,-1.82,0.84,34,A
901,-1.82,0.82,37,A
902,-1.83,0.8,58,A
903,-1.84,0.78,78,A
904,-1.85,0.76,8,A
905,-1.86,0.74,25,A
906,-1.86,0.73,20,A
907,-1.87,0.71,5,A
908,-1.88,0.69,51,A
909,-1.88,0.67,92,A
910,-1.89,0.65,1,A
911,-1.9,0.63,16,A
912,-1.9,0.61,82,A
913,-1.91,0.59,65,A
914,-1.92,0.57,43,A
915,-1.92,0.56,66,A
916,-1.93,0.54,7,A
917,-1.93,0.52,28,A
918,-1.94,0.5,16,A
919,-1.94,0.48,50,A
920,-1.95,0.46,51,A
921,-1.95,0.44,15,A
922,-1.96,0.42,30,A
923,-1.96,0.4,31,A
924,-1.96,0.38,41,A
925,-1.97,0.36,8,A
926,-1.97,0.34,22,A
927,-1.97,0.32,55,A
928,-1.98,0.3,1,A
929,-1.98,0.28,26,A
930,-1.98,0.26,70,A
931,-1.99,0.24,48,A
932,-1.99,0.22,8,A
933,-1.99,0.2,38,A
934,-1.99,0.18,9,A
935,-1.99,0.16,82,A
936,-1.99,0.14,54,A
937,-2.0,0.12,57,A
938,-2.0,0.1,86,A
939,-2.0,0.08,77,A
940,-2.0,0.06,53,A
941,-2.0,0.04,43,A
942,-2.0,0.02,71,A
943,-2.0,0.0,75,A
944,-2.0,-0.02,99,A
945,-2.0,-0.04,79,A
946,-2.0,-0.06,72,A
947,-2.0,-0.08,65,A
948,-2.0,-0.1,90,A
949,-2.0,-0.12,82,A
950,-2.0,-0.14,78,A
951,-1.99,-0.16,37,A
952,-1.99,-0.18,54,A
953,-1.99,-0.2,37,A
954,-1.99,-0.22,91,A
955,-1.99,-0.24,5,A
956,-1.98,-0.26,28,A
957,-1.98,-0.28,2,A
958,-1.98,-0.3,12,A
959,-1.97,-0.32,95,A
960,-1.97,-0.34,59,A
961,-1.97,-0.35,34,A
962,-1.96,-0.37,52,A
963,-1.96,-0.39,16,A
964,-1.96,-0.41,45,A
965,-1.95,-0.43,7,A
966,-1.95,-0.45,6,A
967,-1.94,-0.47,49,A
968,-1.94,-0.49,89,A
969,-1.93,-0.51,44,A
970,-1.93,-0.53,29,A
971,-1.92,-0.55,11,A
972,-1.92,-0.57,60,A
973,-1.91,-0.59,17,A
974,-1.91,-0.61,99,A
975,-1.9,-0.63,89,A
976,-1.89,-0.65,17,A
977,-1.89,-0.66,60,A
978,-1.88,-0.68,53,A
979,-1.87,-0.7,63,A
980,-1.87,-0.72,27,A
981,-1.86,-0.74,67,A
982,-1.85,-0.76,94,A
983,-1.84,-0.78,2,A
984,-1.84,-0.79,50,A
985,-1.83,-0.81,3,A
986,-1.82,-0.83,49,A
987,-1.81,-0.85,53,A
988,-1.8,-0.87,22,A
989,-1.79,-0.89,0,A
990,-1.78,-0.9,97,A
991,-1.78,-0.92,0,A
992,-1.77,-0.94,16,A
993,-1.76,-0.96,87,A
994,-1.75,-0.97,99,A
995,-1.74,-0.99,70,A
996,-1.73,-1.01,98,A
997,-1.72,-1.03,55,A
998,-1.71,-1.04,40,A
999,-1.7,-1.06,53,A
1000,-1.69,-1.08,7,A
1001,-1.67,-1.09,86,A
1002,-1.66,-1.11,82,A
1003,-1.65,-1.13,93,A
1004,-1.64,-1.14,20,A
1005,-1.63,-1.16,36,A
1006,-1.62,-1.18,12,A
1007,-1.61,-1.19,45,A
1008,-1.59,-1.21,1,A
1009,-1.58,-1.22,13,A
1010,-1.57,-1.24,94,A
1011,-1.56,-1.26,32,A
1012,-1.54,-1.27,72,A
1013,-1.53,-1.29,36,A
1014,-1.52,-1.3,93,A
1015,-1.51,-1.32,75,A
1016,-1.49,-1.33,26,A
1017,-1.48,-1.35,81,A
1018,-1.47,-1.36,33,A
1019,-1.45,-1.38,38,A
1020,-1.44,-1.39,9,A
1021,-1.42,-1.4,79,A
1022,-1.41,-1.42,18,A
1023,-1.4,-1.43,6,A
1024,-1.38,-1.45,26,A
1025,-1.37,-1.46,13,A
1026,-1.35,-1.47,6,A
1027,-1.34,-1.49,96,A
1028,-1.32,-1.5,54,A
1029,-1.31,-1.51,55,A
1030,-1.29,-1.53,69,A
1031,-1.28,-1.54,90,A
1032,-1.26,-1.55,94,A
1033,-1.25,-1.56,41,A
1034,-1.23,-1.58,63,A
1035,-1.21,-1.59,98,A
1036,-1.2,-1.6,64,A
1037,-1.18,-1.61,47,A
1038,-1.17,-1.62,75,A
1039,-1.15,-1.64,66,A
1040,-1.13,-1.65,11,A
1041,-1.12,-1.66,74,A
1042,-1.1,-1.67,26,A
1043,-1.08,-1.68,7,A
1044,-1.07,-1.69,51,A
1045,-1.05,-1.7,0,A
1046,-1.03,-1.71,31,A
1047,-1.02,-1.72,72,A
1048,-1.0,-1.73,63,A
1049,-0.98,-1.74,65,A
1050,-0.96,-1.75,44,A
1051,-0.95,-1.76,93,A
1052,-0.93,-1.77,7,A
1053,-0.91,-1.78,98,A
1054,-0.89,-1.79,18,A
1055,-0.87,-1.8,81,A
1056,-0.86,-1.81,94,A
1057,-0.84,-1.82,0,A
1058,-0.82,-1.82,21,A
1059,-0.8,-1.83,37,A
1060,-0.78,-1.84,81,A
1061,-0.76,-1.85,12,A
1062,-0.75,-1.86,19,A
1063,-0.73,-1.86,51,A
1064,-0.71,-1.87,91,A
1065,-0.69,-1.88,40,A
1066,-0.67,-1.88,54,A
1067,-0.65,-1.89,8,A
1068,-0.63,-1.9,10,A
1069,-0.61,-1.9,31,A
1070,-0.6,-1.91,27,A
1071,-0.58,-1.92,24,A
1072,-0.56,-1.92,55,A
1073,-0.54,-1.93,10,A
1074,-0.52,-1.93,62,A
1075,-0.5,-1.94,20,A
1076,-0.48,-1.94,76,A
1077,-0.46,-1.95,48,A
1078,-0.44,-1.95,22,A
1079,-0.42,-1.96,12,A
1080,-0.4,-1.96,23,A
1081,-0.38,-1.96,31,A
1082,-0.36,-1.97,81,A
1083,-0.34,-1.97,45,A
1084,-0.32,-1.97,16,A
1085,-0.3,-1.98,94,A
1086,-0.28,-1.98,1,A
1087,-0.26,-1.98,50,A
1088,-0.24,-1.99,88,A
1089,-0.22,-1.99,46,A
1090,-0.2,-1.99,62,A
1091,-0.18,-1.99,24,A
1092,-0.16,-1.99,35,A
1093,-0.14,-1.99,93,A
1094,-0.12,-2.0,79,A
1095,-0.1,-2.0,22,A
1096,-0.08,-2.0,56,A
1097,-0.06,-2.0,73,A
1098,-0.04,-2.0,81,A
1099,-0.02,-2.0,65,A
1100,-0.0,-2.0,40,A
1101,0.02,-2.0,36,A
1102,0.04,-2.0,35,A
1103,0.06,-2.0,83,A
1104,0.08,-2.0,8,A
1105,0.1,-2.0,56,A
1106,0.12,-2.0,58,A
1107,0.14,-2.0,28,A
1108,0.16,-1.99,87,A
1109,0.17,-1.99,85,A
1110,0.19,-1.99,25,A
1111,0.21,-1.99,63,A
1112,0.23,-1.99,57,A
1113,0.25,-1.98,66,A
1114,0.27,-1.98,96,A
1115,0.29,-1.98,16,A
1116,0.31,-1.98,63,A
1117,0.33,-1.97,14,A
1118,0.35,-1.97,60,A
1119,0.37,-1.96,3,A
1120,0.39,-1.96,20,A
1121,0.41,-1.96,85,A
1122,0.43,-1.95,93,A
1123,0.45,-1.95,44,A
1124,0.47,-1.94,71,A
1125,0.49,-1.94,57,A
1126,0.51,-1.93,10,A
1127,0.53,-1.93,59,A
1128,0.55,-1.92,76,A
1129,0.57,-1.92,45,A
1130,0.59,-1.91,49,A
1131,0.61,-1.91,67,A
1132,0.62,-1.9,99,A
1133,0.64,-1.89,11,A
1134,0.66,-1.89,35,A
1135,0.68,-1.88,80,A
1136,0.7,-1.87,46,A
1137,0.72,-1.87,28,A
1138,0.74,-1.86,68,A
1139,0.76,-1.85,90,A
1140,0.77,-1.84,68,A
1141,0.79,-1.84,23,A
1142,0.81,-1.83,0,A
1143,0.83,-1.82,9,A
1144,0.85,-1.81,59,A
1145,0.87,-1.8,29,A
1146,0.88,-1.79,87,A
1147,0.9,-1.79,83,A
1148,0.92,-1.78,59,A
1149,0.94,-1.77,94,A
1150,0.95,-1.76,90,A
1151,0.97,-1.75,35,A
1152,0.99,-1.74,45,A
1153,1.01,-1.73,95,A
1154,1.02,-1.72,15,A
1155,1.04,-1.71,90,A
1156,1.06,-1.7,41,A
1157,1.08,-1.69,23,A
1158,1.09,-1.68,96,A
1159,1.11,-1.66,35,A
1160,1.13,-1.65,15,A
1161,1.14,-1.64,46,A
1162,1.16,-1.63,26,A
1163,1.17,-1.62,69,A
1164,1.19,-1.61,42,A
1165,1.21,-1.6,52,A
1166,1.22,-1.58,12,A
1167,1.24,-1.57,39,A
1168,1.25,-1.56,93,A
1169,1.27,-1.55,29,A
1170,1.28,-1.53,57,A
1171,1.3,-1.52,15,A
1172,1.32,-1.51,23,A
1173,1.33,-1.49,73,A
1174,1.35,-1.48,2,A
1175,1.36,-1.47,23,A
1176,1.37,-1.45,69,A
1177,1.39,-1.44,58,A
1178,1.4,-1.43,18,A
1179,1.42,-1.41,20,A
1180,1.43,-1.4,50,A
1181,1.45,-1.38,23,A
1182,1.46,-1.37,95,A
1183,1.47,-1.35,26,A
1184,1.49,-1.34,5,A
1185,1.5,-1.32,0,A
1186,1.51,-1.31,60,A
1187,1.53,-1.29,41,A
1188,1.54,-1.28,19,A
1189,1.55,-1.26,90,A
1190,1.56,-1.25,69,A
1191,1.58,-1.23,8,A
1192,1.59,-1.22,79,A
1193,1.6,-1.2,75,A
1194,1.61,-1.18,1,A
1195,1.62,-1.17,45,A
1196,1.64,-1.15,3,A
1197,1.65,-1.13,50,A
1198,1.66,-1.12,95,A
1199,1.67,-1.1,72,A
1200,1.68,-1.08,48,A
1201,1.69,-1.07,89,A
1202,1.7,-1.05,65,A
1203,1.71,-1.03,97,A
1204,1.72,-1.02,24,A
1205,1.73,-1.0,80,A
1206,1.74,-0.98,26,A
1207,1.75,-0.96,9,A
1208,1.76,-0.95,92,A
1209,1.77,-0.93,79,A
1210,1.78,-0.91,32,A
1211,1.79,-0.89,58,A
1212,1.8,-0.88,51,A
1213,1.81,-0.86,59,A
1214,1.82,-0.84,79,A
1215,1.82,-0.82,13,A
1216,1.83,-0.8,45,A
1217,1.84,-0.78,79,A
1218,1.85,-0.77,7,A
1219,1.85,-0.75,51,A
1220,1.86,-0.73,12,A
1221,1.87,-0.71,48,A
1222,1.88,-0.69,83,A
1223,1.88,-0.67,23,A
1224,1.89,-0.65,41,A
1225,1.9,-0.64,38,A
1226,1.9,-0.62,96,A
1227,1.91,-0.6,22,A
1228,1.91,-0.58,9,A
1229,1.92,-0.56,79,A
1230,1.93,-0.54,82,A
1231,1.93,-0.52,47,A
1232,1.94,-0.5,43,A
1233,1.94,-0.48,14,A
1234,1.95,-0.46,31,A
1235,1.95,-0.44,30,A
1236,1.95,-0.42,74,A
1237,1.96,-0.4,42,A
1238,1.96,-0.38,76,A
1239,1.97,-0.36,45,A
1240,1.97,-0.34,46,A
1241,1.97,-0.32,44,A
1242,1.98,-0.31,25,A
1243,1.98,-0.29,36,A
1244,1.98,-0.27,51,A
1245,1.98,-0.25,84,A
1246,1.99,-0.23,91,A
1247,1.99,-0.21,13,A
1248,1.99,-0.19,89,A
1249,1.99,-0.17,52,A
1250,1.99,-0.15,99,A
1251,2.0,-0.13,19,A
1252,2.0,-0.11,33,A
1253,2.0,-0.09,30,A
1254,2.0,-0.07,41,A
1255,2.0,-0.05,30,A
1256,2.0,-0.03,3,A
1257,2.0,-0.01,36,A
1258,12.5,10.0,93,B
1259,12.5,10.02,50,B
1260,12.5,10.05,70,B
1261,12.5,10.07,11,B
1262,12.5,10.1,31,B
1263,12.5,10.12,73,B
1264,12.5,10.15,44,B
1265,12.49,10.17,18,B
1266,12.49,10.2,92,B
1267,12.49,10.22,75,B
1268,12.49,10.25,67,B
1269,12.48,10.27,8,B
1270,12.48,10.3,4,B
1271,12.48,10.32,70,B
1272,12.48,10.35,60,B
1273,12.47,10.37,21,B
1274,12.47,10.4,74,B
1275,12.46,10.42,35,B
1276,12.46,10.45,95,B
1277,12.46,10.47,76,B
1278,12.45,10.5,77,B
1279,12.45,10.52,45,B
1280,12.44,10.55,49,B
1281,12.43,10.57,44,B
1282,12.43,10.59,74,B
1283,12.42,10.62,63,B
1284,12.42,10.64,0,B
1285,12.41,10.67,11,B
1286,12.4,10.69,75,B
1287,12.4,10.71,89,B
1288,12.39,10.74,15,B
1289,12.38,10.76,52,B
1290,12.37,10.79,72,B
1291,12.37,10.81,52,B
1292,12.36,10.83,41,B
1293,12.35,10.86,42,B
1294,12.34,10.88,16,B
1295,12.33,10.9,76,B
1296,12.32,10.93,63,B
1297,12.31,10.95,69,B
1298,12.3,10.97,67,B
1299,12.29,11.0,68,B
1300,12.28,11.02,91,B
1301,12.27,11.04,28,B
1302,12.26,11.06,75,B
1303,12.25,11.09,89,B
1304,12.24,11.11,68,B
1305,12.23,11.13,58,B
1306,12.22,11.15,14,B
1307,12.21,11.18,28,B
1308,12.19,11.2,10,B
1309,12.18,11.22,20,B
1310,12.17,11.24,37,B
1311,12.16,11.26,4,B
1312,12.14,11.29,52,B
1313,12.13,11.31,30,B
1314,12.12,11.33,59,B
1315,12.1,11.35,91,B
1316,12.09,11.37,93,B
1317,12.08,11.39,80,B
1318,12.06,11.41,77,B
1319,12.05,11.43,21,B
1320,12.03,11.45,24,B
1321,12.02,11.47,16,B
1322,12.01,11.49,63,B
1323,11.99,11.51,62,B
1324,11.97,11.53,8,B
1325,11.96,11.55,25,B
1326,11.94,11.57,35,B
1327,11.93,11.59,5,B
1328,11.91,11.61,0,B
1329,11.9,11.63,63,B
1330,11.88,11.65,44,B
1331,11.86,11.67,82,B
1332,11.85,11.69,30,B
1333,11.83,11.7,54,B
1334,11.81,11.72,63,B
1335,11.79,11.74,21,B
1336,11.78,11.76,20,B
1337,11.76,11.78,96,B
1338,11.74,11.79,8,B
1339,11.72,11.81,38,B
1340,11.71,11.83,36,B
1341,11.69,11.84,52,B
1342,11.67,11.86,18,B
1343,11.65,11.88,62,B
1344,11.63,11.89,45,B
1345,11.61,11.91,48,B
1346,11.59,11.93,62,B
1347,11.57,11.94,8,B
1348,11.55,11.96,7,B
1349,11.53,11.97,62,B
1350,11.51,11.99,0,B
1351,11.49,12.0,88,B
1352,11.47,12.02,19,B
1353,11.45,12.03,50,B
1354,11.43,12.05,97,B
1355,11.41,12.06,19,B
1356,11.39,12.08,57,B
1357,11.37,12.09,2,B
1358,11.35,12.1,42,B
1359,11.33,12.12,49,B
1360,11.31,12.13,9,B
1361,11.29,12.14,53,B
1362,11.27,12.16,12,B
1363,11.24,12.17,6,B
1364,11.22,12.18,80,B
1365,11.2,12.19,11,B
1366,11.18,12.2,24,B
1367,11.16,12.22,93,B
1368,11.13,12.23,51,B
1369,11.11,12.24,54,B
1370,11.09,12.25,70,B
1371,11.07,12.26,56,B
1372,11.04,12.27,79,B
1373,11.02,12.28,47,B
1374,11.0,12.29,51,B
1375,10.98,12.3,2,B
1376,10.95,12.31,4,B
1377,10.93,12.32,43,B
1378,10.91,12.33,71,B
1379,10.88,12.34,59,B
1380,10.86,12.35,67,B
1381,10.84,12.36,53,B
1382,10.81,12.36,83,B
1383,10.79,12.37,39,B
1384,10.76,12.38,74,B
1385,10.74,12.39,42,B
1386,10.72,12.4,6,B
1387,10.69,12.4,47,B
1388,10.67,12.41,41,B
1389,10.64,12.42,27,B
1390,10.62,12.42,7,B
1391,10.6,12.43,11,B
1392,10.57,12.43,74,B
1393,10.55,12.44,54,B
1394,10.52,12.44,64,B
1395,10.5,12.45,31,B
1396,10.47,12.45,16,B
1397,10.45,12.46,33,B
1398,10.42,12.46,39,B
1399,10.4,12.47,48,B
1400,10.38,12.47,63,B
1401,10.35,12.48,24,B
1402,10.33,12.48,75,B
1403,10.3,12.48,61,B
1404,10.28,12.48,86,B
1405,10.25,12.49,37,B
1406,10.23,12.49,3,B
1407,10.2,12.49,21,B
1408,10.18,12.49,95,B
1409,10.15,12.5,91,B
1410,10.13,12.5,18,B
1411,10.1,12.5,75,B
1412,10.08,12.5,43,B
1413,10.05,12.5,17,B
1414,10.03,12.5,76,B
1415,10.0,12.5,34,B
1416,9.98,12.5,63,B
1417,9.95,12.5,61,B
1418,9.93,12.5,33,B
1419,9.9,12.5,69,B
1420,9.88,12.5,20,B
1421,9.85,12.5,69,B
1422,9.83,12.49,47,B
1423,9.8,12.49,98,B
1424,9.78,12.49,8,B
1425,9.75,12.49,48,B
1426,9.73,12.49,90,B
1427,9.7,12.48,29,B
1428,9.68,12.48,50,B
1429,9.65,12.48,52,B
1430,9.63,12.47,83,B
1431,9.6,12.47,67,B
1432,9.58,12.46,68,B
1433,9.55,12.46,6,B
1434,9.53,12.46,36,B
1435,9.51,12.45,2,B
1436,9.48,12.45,36,B
1437,9.46,12.44,84,B
1438,9.43,12.43,62,B
1439,9.41,12.43,89,B
1440,9.38,12.42,55,B
1441,9.36,12.42,7,B
1442,9.34,12.41,99,B
1443,9.31,12.4,35,B
1444,9.29,12.4,45,B
1445,9.26,12.39,99,B
1446,9.24,12.38,56,B
1447,9.22,12.37,86,B
1448,9.19,12.37,21,B
1449,9.17,12.36,15,B
1450,9.14,12.35,73,B
1451,9.12,12.34,15,B
1452,9.1,12.33,97,B
1453,9.07,12.32,47,B
1454,9.05,12.31,23,B
1455,9.03,12.3,65,B
1456,9.01,12.29,81,B
1457,8.98,12.28,61,B
1458,8.96,12.27,11,B
1459,8.94,12.26,1,B
1460,8.91,12.25,99,B
1461,8.89,12.24,42,B
1462,8.87,12.23,68,B
1463,8.85,12.22,22,B
1464,8.83,12.21,22,B
1465,8.8,12.19,27,B
1466,8.78,12.18,47,B
1467,8.76,12.17,5,B
1468,8.74,12.16,6,B
1469,8.72,12.15,74,B
1470,8.69,12.13,2,B
1471,8.67,12.12,17,B
1472,8.65,12.11,90,B
1473,8.63,12.09,33,B
1474,8.61,12.08,70,B
1475,8.59,12.06,36,B
1476,8.57,12.05,93,B
1477,8.55,12.04,59,B
1478,8.53,12.02,24,B
1479,8.51,12.01,71,B
1480,8.49,11.99,8,B
1481,8.47,11.98,93,B
1482,8.45,11.96,66,B
1483,8.43,11.95,14,B
1484,8.41,11.93,14,B
1485,8.39,11.91,43,B
1486,8.37,11.9,11,B
1487,8.35,11.88,43,B
1488,8.33,11.86,98,B
1489,8.32,11.85,47,B
1490,8.3,11.83,10,B
1491,8.28,11.81,25,B
1492,8.26,11.8,25,B
1493,8.24,11.78,16,B
1494,8.23,11.76,65,B
1495,8.21,11.74,94,B
1496,8.19,11.73,84,B
1497,8.17,11.71,94,B
1498,8.16,11.69,36,B
1499,8.14,11.67,81,B
1500,8.12,11.65,57,B
1501,8.11,11.63,90,B
1502,8.09,11.61,8,B
1503,8.07,11.59,39,B
1504,8.06,11.58,56,B
1505,8.04,11.56,26,B
1506,8.03,11.54,47,B
1507,8.01,11.52,10,B
1508,8.0,11.5,76,B
1509,7.98,11.48,48,B
1510,7.97,11.46,8,B
1511,7.95,11.44,53,B
1512,7.94,11.41,4,B
1513,7.92,11.39,56,B
1514,7.91,11.37,47,B
1515,7.9,11.35,29,B
1516,7.88,11.33,72,B
1517,7.87,11.31,53,B
1518,7.86,11.29,27,B
1519,7.84,11.27,3,B
1520,7.83,11.25,69,B
1521,7.82,11.22,57,B
1522,7.81,11.2,55,B
1523,7.8,11.18,58,B
1524,7.78,11.16,77,B
1525,7.77,11.14,24,B
1526,7.76,11.11,23,B
1527,7.75,11.09,27,B
1528,7.74,11.07,26,B
1529,7.73,11.05,9,B
1530,7.72,11.02,86,B
1531,7.71,11.0,57,B
1532,7.7,10.98,21,B
1533,7.69,10.95,84,B
1534,7.68,10.93,78,B
1535,7.67,10.91,47,B
1536,7.66,10.88,59,B
1537,7.65,10.86,38,B
1538,7.64,10.84,33,B
1539,7.64,10.81,69,B
1540,7.63,10.79,88,B
1541,7.62,10.77,50,B
1542,7.61,10.74,5,B
1543,7.61,10.72,7,B
1544,7.6,10.69,22,B
1545,7.59,10.67,70,B
1546,7.59,10.65,82,B
1547,7.58,10.62,77,B
1548,7.57,10.6,67,B
1549,7.57,10.57,88,B
1550,7.56,10.55,85,B
1551,7.56,10.53,35,B
1552,7.55,10.5,18,B
1553,7.55,10.48,92,B
1554,7.54,10.45,86,B
1555,7.54,10.43,62,B
1556,7.53,10.4,83,B
1557,7.53,10.38,50,B
1558,7.53,10.35,94,B
1559,7.52,10.33,57,B
1560,7.52,10.3,80,B
1561,7.52,10.28,50,B
1562,7.51,10.25,91,B
1563,7.51,10.23,21,B
1564,7.51,10.2,98,B
1565,7.51,10.18,9,B
1566,7.5,10.15,46,B
1567,7.5,10.13,21,B
1568,7.5,10.1,50,B
1569,7.5,10.08,5,B
1570,7.5,10.05,27,B
1571,7.5,10.03,95,B
1572,7.5,10.0,7,B
1573,7.5,9.98,24,B
1574,7.5,9.95,54,B
1575,7.5,9.93,65,B
1576,7.5,9.9,78,B
1577,7.5,9.88,46,B
1578,7.5,9.85,70,B
1579,7.51,9.83,50,B
1580,7.51,9.8,4,B
1581,7.51,9.78,39,B
1582,7.51,9.75,46,B
1583,7.51,9.73,15,B
1584,7.52,9.7,55,B
1585,7.52,9.68,34,B
1586,7.52,9.66,94,B
1587,7.53,9.63,88,B
1588,7.53,9.61,2,B
1589,7.54,9.58,83,B
1590,7.54,9.56,95,B
1591,7.54,9.53,56,B
1592,7.55,9.51,48,B
1593,7.55,9.48,21,B
1594,7.56,9.46,40,B
1595,7.56,9.43,69,B
1596,7.57,9.41,6,B
1597,7.58,9.39,6,B
1598,7.58,9.36,77,B
1599,7.59,9.34,46,B
1600,7.6,9.31,18,B
1601,7.6,9.29,59,B
1602,7.61,9.27,5,B
1603,7.62,9.24,29,B
1604,7.63,9.22,50,B
1605,7.63,9.19,92,B
1606,7.64,9.17,46,B
1607,7.65,9.15,40,B
1608,7.66,9.12,78,B
1609,7.67,9.1,54,B
1610,7.68,9.08,51,B
1611,7.69,9.05,50,B
1612,7.7,9.03,71,B
1613,7.71,9.01,19,B
1614,7.72,8.98,67,B
1615,7.73,8.96,46,B
1616,7.74,8.94,59,B
1617,7.75,8.92,98,B
1618,7.76,8.89,90,B
1619,7.77,8.87,46,B
1620,7.78,8.85,78,B
1621,7.79,8.83,70,B
1622,7.8,8.8,57,B
1623,7.82,8.78,62,B
1624,7.83,8.76,70,B
1625,7.84,8.74,37,B
1626,7.85,8.72,98,B
1627,7.87,8.7,95,B
1628,7.88,8.68,27,B
1629,7.89,8.65,64,B
1630,7.91,8.63,55,B
1631,7.92,8.61,84,B
1632,7.93,8.59,2,B
1633,7.95,8.57,65,B
1634,7.96,8.55,86,B
1635,7.98,8.53,69,B
1636,7.99,8.51,55,B
1637,8.01,8.49,14,B
1638,8.02,8.47,81,B
1639,8.04,8.45,8,B
1640,8.05,8.43,74,B
1641,8.07,8.41,45,B
1642,8.09,8.39,33,B
1643,8.1,8.37,37,B
1644,8.12,8.35,54,B
1645,8.13,8.34,58,B
1646,8.15,8.32,76,B
1647,8.17,8.3,23,B
1648,8.19,8.28,3,B
1649,8.2,8.26,58,B
1650,8.22,8.24,37,B
1651,8.24,8.23,46,B
1652,8.26,8.21,12,B
1653,8.27,8.19,76,B
1654,8.29,8.17,42,B
1655,8.31,8.16,86,B
1656,8.33,8.14,15,B
1657,8.35,8.12,11,B
1658,8.37,8.11,32,B
1659,8.38,8.09,29,B
1660,8.4,8.08,80,B
1661,8.42,8.06,41,B
1662,8.44,8.04,77,B
1663,8.46,8.03,0,B
1664,8.48,8.01,39,B
1665,8.5,8.0,24,B
1666,8.52,7.98,17,B
1667,8.54,7.97,10,B
1668,8.56,7.95,60,B
1669,8.58,7.94,75,B
1670,8.6,7.93,8,B
1671,8.62,7.91,17,B
1672,8.65,7.9,37,B
1673,8.67,7.89,21,B
1674,8.69,7.87,61,B
1675,8.71,7.86,4,B
1676,8.73,7.85,8,B
1677,8.75,7.83,1,B
1678,8.77,7.82,94,B
1679,8.8,7.81,98,B
1680,8.82,7.8,71,B
1681,8.84,7.79,60,B
1682,8.86,7.77,82,B
1683,8.88,7.76,55,B
1684,8.91,7.75,88,B
1685,8.93,7.74,95,B
1686,8.95,7.73,14,B
1687,8.98,7.72,9,B
1688,9.0,7.71,73,B
1689,9.02,7.7,75,B
1690,9.04,7.69,0,B
1691,9.07,7.68,40,B
1692,9.09,7.67,62,B
1693,9.11,7.66,85,B
1694,9.14,7.65,89,B
1695,9.16,7.65,95,B
1696,9.18,7.64,1,B
1697,9.21,7.63,77,B
1698,9.23,7.62,14,B
1699,9.26,7.61,33,B
1700,9.28,7.61,84,B
1701,9.3,7.6,43,B
1702,9.33,7.59,13,B
1703,9.35,7.59,72,B
1704,9.38,7.58,23,B
1705,9.4,7.57,23,B
1706,9.42,7.57,22,B
1707,9.45,7.56,6,B
1708,9.47,7.56,3,B
1709,9.5,7.55,92,B
1710,9.52,7.55,50,B
1711,9.55,7.54,26,B
1712,9.57,7.54,20,B
1713,9.6,7.53,72,B
1714,9.62,7.53,88,B
1715,9.65,7.53,30,B
1716,9.67,7.52,94,B
1717,9.69,7.52,42,B
1718,9.72,7.52,10,B
1719,9.74,7.51,90,B
1720,9.77,7.51,87,B
1721,9.79,7.51,93,B
1722,9.82,7.51,65,B
1723,9.84,7.5,33,B
1724,9.87,7.5,4,B
1725,9.89,7.5,8,B
1726,9.92,7.5,51,B
1727,9.94,7.5,4,B
1728,9.97,7.5,1,B
1729,9.99,7.5,25,B
1730,10.02,7.5,19,B
1731,10.04,7.5,99,B
1732,10.07,7.5,36,B
1733,10.09,7.5,93,B
1734,10.12,7.5,3,B
1735,10.14,7.5,79,B
1736,10.17,7.51,44,B
1737,10.19,7.51,19,B
1738,10.22,7.51,22,B
1739,10.24,7.51,79,B
1740,10.27,7.51,7,B
1741,10.29,7.52,92,B
1742,10.32,7.52,5,B
1743,10.34,7.52,96,B
1744,10.37,7.53,90,B
1745,10.39,7.53,37,B
1746,10.42,7.54,86,B
1747,10.44,7.54,53,B
1748,10.47,7.54,9,B
1749,10.49,7.55,86,B
1750,10.52,7.55,4,B
1751,10.54,7.56,12,B
1752,10.56,7.56,32,B
1753,10.59,7.57,96,B
1754,10.61,7.58,22,B
1755,10.64,7.58,76,B
1756,10.66,7.59,97,B
1757,10.69,7.6,31,B
1758,10.71,7.6,87,B
1759,10.73,7.61,18,B
1760,10.76,7.62,78,B
1761,10.78,7.63,67,B
1762,10.8,7.63,69,B
1763,10.83,7.64,65,B
1764,10.85,7.65,73,B
1765,10.88,7.66,34,B
1766,10.9,7.67,57,B
1767,10.92,7.68,66,B
1768,10.94,7.69,98,B
1769,10.97,7.7,73,B
1770,10.99,7.7,46,B
1771,11.01,7.71,99,B
1772,11.04,7.73,97,B
1773,11.06,7.74,90,B
1774,11.08,7.75,70,B
1775,11.1,7.76,89,B
1776,11.13,7.77,79,B
1777,11.15,7.78,86,B
1778,11.17,7.79,16,B
1779,11.19,7.8,90,B
1780,11.22,7.82,47,B
1781,11.24,7.83,48,B
1782,11.26,7.84,83,B
1783,11.28,7.85,61,B
1784,11.3,7.87,35,B
1785,11.32,7.88,98,B
1786,11.34,7.89,4,B
1787,11.37,7.91,39,B
1788,11.39,7.92,45,B
1789,11.41,7.93,81,B
1790,11.43,7.95,26,B
1791,11.45,7.96,2,B
1792,11.47,7.98,12,B
1793,11.49,7.99,89,B
1794,11.51,8.01,82,B
1795,11.53,8.02,30,B
1796,11.55,8.04,77,B
1797,11.57,8.05,84,B
1798,11.59,8.07,85,B
1799,11.61,8.08,65,B
1800,11.63,8.1,0,B
1801,11.64,8.12,6,B
1802,11.66,8.13,13,B
1803,11.68,8.15,59,B
1804,11.7,8.17,16,B
1805,11.72,8.18,89,B
1806,11.74,8.2,70,B
1807,11.75,8.22,70,B
1808,11.77,8.24,60,B
1809,11.79,8.25,79,B
1810,11.81,8.27,96,B
1811,11.82,8.29,55,B
1812,11.84,8.31,28,B
1813,11.86,8.33,76,B
1814,11.87,8.35,55,B
1815,11.89,8.36,54,B
1816,11.91,8.38,86,B
1817,11.92,8.4,57,B
1818,11.94,8.42,55,B
1819,11.95,8.44,24,B
1820,11.97,8.46,7,B
1821,11.99,8.48,69,B
1822,12.0,8.5,83,B
1823,12.02,8.52,22,B
1824,12.03,8.54,4,B
1825,12.04,8.56,43,B
1826,12.06,8.58,15,B
1827,12.07,8.6,2,B
1828,12.09,8.62,55,B
1829,12.1,8.64,19,B
1830,12.11,8.67,49,B
1831,12.13,8.69,46,B
1832,12.14,8.71,11,B
1833,12.15,8.73,35,B
1834,12.17,8.75,96,B
1835,12.18,8.77,26,B
1836,12.19,8.79,8,B
1837,12.2,8.82,45,B
1838,12.21,8.84,73,B
1839,12.23,8.86,25,B
1840,12.24,8.88,78,B
1841,12.25,8.91,37,B
1842,12.26,8.93,73,B
1843,12.27,8.95,13,B
1844,12.28,8.97,94,B
1845,12.29,9.0,80,B
1846,12.3,9.02,1,B
1847,12.31,9.04,95,B
1848,12.32,9.07,75,B
1849,12.33,9.09,14,B
1850,12.34,9.11,87,B
1851,12.35,9.14,16,B
1852,12.35,9.16,95,B
1853,12.36,9.18,22,B
1854,12.37,9.21,34,B
1855,12.38,9.23,84,B
1856,12.39,9.25,38,B
1857,12.39,9.28,48,B
1858,12.4,9.3,49,B
1859,12.41,9.33,56,B
1860,12.41,9.35,55,B
1861,12.42,9.37,18,B
1862,12.43,9.4,22,B
1863,12.43,9.42,41,B
1864,12.44,9.45,37,B
1865,12.44,9.47,22,B
1866,12.45,9.5,27,B
1867,12.45,9.52,6,B
1868,12.46,9.54,80,B
1869,12.46,9.57,35,B
1870,12.47,9.59,2,B
1871,12.47,9.62,71,B
1872,12.47,9.64,70,B
1873,12.48,9.67,53,B
1874,12.48,9.69,17,B
1875,12.48,9.72,43,B
1876,12.49,9.74,8,B
1877,12.49,9.77,81,B
1878,12.49,9.79,77,B
1879,12.49,9.82,55,B
1880,12.5,9.84,8,B
1881,12.5,9.87,96,B
1882,12.5,9.89,27,B
1883,12.5,9.92,59,B
1884,12.5,9.94,64,B
1885,12.5,9.97,36,B
1886,12.5,9.99,30,B
1887,12.0,10.0,9,A
1888,12.0,10.02,12,A
1889,12.0,10.04,53,A
1890,12.0,10.06,3,A
1891,12.0,10.08,13,A
1892,12.0,10.1,84,A
1893,12.0,10.12,0,A
1894,12.0,10.14,95,A
1895,11.99,10.16,84,A
1896,11.99,10.18,86,A
1897,11.99,10.2,16,A
1898,11.99,10.22,40,A
1899,11.99,10.24,85,A
1900,11.98,10.26,59,A
1901,11.98,10.28,32,A
1902,11.98,10.3,89,A
1903,11.97,10.32,95,A
1904,11.97,10.34,31,A
1905,11.97,10.36,16,A
1906,11.96,10.38,44,A
1907,11.96,10.4,81,A
1908,11.96,10.42,0,A
1909,11.95,10.44,36,A
1910,11.95,10.46,87,A
1911,11.94,10.48,40,A
1912,11.94,10.49,23,A
1913,11.93,10.51,82,A
1914,11.93,10.53,43,A
1915,11.92,10.55,48,A
1916,11.92,10.57,67,A
1917,11.91,10.59,74,A
1918,11.9,10.61,79,A
1919,11.9,10.63,40,A
1920,11.89,10.65,32,A
1921,11.89,10.67,66,A
1922,11.88,10.69,14,A
1923,11.87,10.7,97,A
1924,11.86,10.72,42,A
1925,11.86,10.74,57,A
1926,11.85,10.76,49,A
1927,11.84,10.78,67,A
1928,11.83,10.8,18,A
1929,11.83,10.82,79,A
1930,11.82,10.83,24,A
1931,11.81,10.85,8,A
1932,11.8,10.87,44,A
1933,11.79,10.89,21,A
1934,11.78,10.91,36,A
1935,11.77,10.92,34,A
1936,11.76,10.94,90,A
1937,11.76,10.96,36,A
1938,11.75,10.98,9,A
1939,11.74,10.99,76,A
1940,11.73,11.01,46,A
1941,11.72,11.03,87,A
1942,11.71,11.05,41,A
1943,11.69,11.06,88,A
1944,11.68,11.08,1,A
1945,11.67,11.1,67,A
1946,11.66,11.11,28,A
1947,11.65,11.13,42,A
1948,11.64,11.15,27,A
1949,11.63,11.16,39,A
1950,11.62,11.18,56,A
1951,11.6,11.19,51,A
1952,11.59,11.21,81,A
1953,11.58,11.23,53,A
1954,11.57,11.24,59,A
1955,11.56,11.26,31,A
1956,11.54,11.27,76,A
1957,11.53,11.29,47,A
1958,11.52,11.3,78,A
1959,11.5,11.32,94,A
1960,11.49,11.33,39,A
1961,11.48,11.35,87,A
1962,11.46,11.36,2,A
1963,11.45,11.38,48,A
1964,11.44,11.39,99,A
1965,11.42,11.41,20,A
1966,11.41,11.42,96,A
1967,11.39,11.43,36,A
1968,11.38,11.45,34,A
1969,11.36,11.46,53,A
1970,11.35,11.48,89,A
1971,11.33,11.49,58,A
1972,11.32,11.5,68,A
1973,11.3,11.52,12,A
1974,11.29,11.53,40,A
1975,11.27,11.54,89,A
1976,11.26,11.55,31,A
1977,11.24,11.57,62,A
1978,11.23,11.58,55,A
1979,11.21,11.59,14,A
1980,11.2,11.6,99,A
1981,11.18,11.62,94,A
1982,11.16,11.63,33,A
1983,11.15,11.64,15,A
1984,11.13,11.65,21,A
1985,11.11,11.66,15,A
1986,11.1,11.67,48,A
1987,11.08,11.68,64,A
1988,11.06,11.69,81,A
1989,11.05,11.7,20,A
1990,11.03,11.71,14,A
1991,11.01,11.72,28,A
1992,11.0,11.73,14,A
1993,10.98,11.74,81,A
1994,10.96,11.75,10,A
1995,10.94,11.76,67,A
1996,10.92,11.77,49,A
1997,10.91,11.78,95,A
1998,10.89,11.79,77,A
1999,10.87,11.8,20,A
2000,10.85,11.81,72,A
2001,10.84,11.82,19,A
2002,10.82,11.83,68,A
2003,10.8,11.83,88,A
2004,10.78,11.84,47,A
2005,10.76,11.85,84,A
2006,10.74,11.86,49,A
2007,10.72,11.86,12,A
2008,10.71,11.87,72,A
2009,10.69,11.88,91,A
2010,10.67,11.88,14,A
2011,10.65,11.89,52,A
2012,10.63,11.9,44,A
2013,10.61,11.9,5,A
2014,10.59,11.91,97,A
2015,10.57,11.92,5,A
2016,10.55,11.92,9,A
2017,10.53,11.93,56,A
2018,10.52,11.93,88,A
2019,10.5,11.94,86,A
2020,10.48,11.94,55,A
2021,10.46,11.95,92,A
2022,10.44,11.95,43,A
2023,10.42,11.96,99,A
2024,10.4,11.96,2,A
2025,10.38,11.96,45,A
2026,10.36,11.97,13,A
2027,10.34,11.97,64,A
2028,10.32,11.97,9,A
2029,10.3,11.98,71,A
2030,10.28,11.98,12,A
2031,10.26,11.98,27,A
2032,10.24,11.99,66,A
2033,10.22,11.99,14,A
2034,10.2,11.99,96,A
2035,10.18,11.99,50,A
2036,10.16,11.99,99,A
2037,10.14,11.99,53,A
2038,10.12,12.0,18,A
2039,10.1,12.0,74,A
2040,10.08,12.0,29,A
2041,10.06,12.0,79,A
2042,10.04,12.0,10,A
2043,10.02,12.0,92,A
2044,10.0,12.0,84,A
2045,9.98,12.0,81,A
2046,9.96,12.0,8,A
2047,9.94,12.0,19,A
2048,9.92,12.0,62,A
2049,9.9,12.0,47,A
2050,9.88,12.0,0,A
2051,9.86,12.0,48,A
2052,9.84,11.99,80,A
2053,9.82,11.99,53,A
2054,9.8,11.99,7,A
2055,9.78,11.99,36,A
2056,9.76,11.99,66,A
2057,9.74,11.98,5,A
2058,9.72,11.98,31,A
2059,9.7,11.98,92,A
2060,9.68,11.97,51,A
2061,9.66,11.97,23,A
2062,9.64,11.97,93,A
2063,9.62,11.96,4,A
2064,9.6,11.96,10,A
2065,9.58,11.96,47,A
2066,9.57,11.95,43,A
2067,9.55,11.95,32,A
2068,9.53,11.94,95,A
2069,9.51,11.94,35,A
2070,9.49,11.93,29,A
2071,9.47,11.93,59,A
2072,9.45,11.92,62,A
2073,9.43,11.92,57,A
2074,9.41,11.91,54,A
2075,9.39,11.91,32,A
2076,9.37,11.9,17,A
2077,9.35,11.89,30,A
2078,9.33,11.89,40,A
2079,9.32,11.88,64,A
2080,9.3,11.87,22,A
2081,9.28,11.87,98,A
2082,9.26,11.86,21,A
2083,9.24,11.85,28,A
2084,9.22,11.84,41,A
2085,9.2,11.83,33,A
2086,9.19,11.83,14,A
2087,9.17,11.82,69,A
2088,9.15,11.81,41,A
2089,9.13,11.8,52,A
2090,9.11,11.79,96,A
2091,9.1,11.78,66,A
2092,9.08,11.77,4,A
2093,9.06,11.77,99,A
2094,9.04,11.76,22,A
2095,9.03,11.75,42,A
2096,9.01,11.74,59,A
2097,8.99,11.73,2,A
2098,8.97,11.72,65,A
2099,8.96,11.71,42,A
2100,8.94,11.7,39,A
2101,8.92,11.68,33,A
2102,8.91,11.67,29,A
2103,8.89,11.66,51,A
2104,8.87,11.65,24,A
2105,8.86,11.64,67,A
2106,8.84,11.63,59,A
2107,8.82,11.62,8,A
2108,8.81,11.61,20,A
2109,8.79,11.59,52,A
2110,8.78,11.58,83,A
2111,8.76,11.57,83,A
2112,8.74,11.56,60,A
2113,8.73,11.54,55,A
2114,8.71,11.53,26,A
2115,8.7,11.52,41,A
2116,8.68,11.5,20,A
2117,8.67,11.49,6,A
2118,8.65,11.48,27,A
2119,8.64,11.46,44,A
2120,8.62,11.45,39,A
2121,8.61,11.44,46,A
2122,8.59,11.42,82,A
2123,8.58,11.41,40,A
2124,8.57,11.39,4,A
2125,8.55,11.38,49,A
2126,8.54,11.37,1,A
2127,8.53,11.35,44,A
2128,8.51,11.34,26,A
2129,8.5,11.32,29,A
2130,8.49,11.31,13,A
2131,8.47,11.29,47,A
2132,8.46,11.28,81,A
2133,8.45,11.26,64,A
2134,8.43,11.24,47,A
2135,8.42,11.23,50,A
2136,8.41,11.21,38,A
2137,8.4,11.2,60,A
2138,8.39,11.18,32,A
2139,8.37,11.16,43,A
2140,8.36,11.15,98,A
2141,8.35,11.13,23,A
2142,8.34,11.12,50,A
2143,8.33,11.1,78,A
2144,8.32,11.08,16,A
2145,8.31,11.07,5,A
2146,8.3,11.05,14,A
2147,8.29,11.03,73,A
2148,8.28,11.01,7,A
2149,8.27,11.0,17,A
2150,8.26,10.98,74,A
2151,8.25,10.96,21,A
2152,8.24,10.94,73,A
2153,8.23,10.93,3,A
2154,8.22,10.91,53,A
2155,8.21,10.89,67,A
2156,8.2,10.87,44,A
2157,8.19,10.85,98,A
2158,8.18,10.84,24,A
2159,8.18,10.82,95,A
2160,8.17,10.8,38,A
2161,8.16,10.78,40,A
2162,8.15,10.76,59,A
2163,8.14,10.74,54,A
2164,8.14,10.73,53,A
2165,8.13,10.71,29,A
2166,8.12,10.69,5,A
2167,8.12,10.67,81,A
2168,8.11,10.65,32,A
2169,8.1,10.63,28,A
2170,8.1,10.61,7,A
2171,8.09,10.59,75,A
2172,8.08,10.57,3,A
2173,8.08,10.56,20,A
2174,8.07,10.54,54,A
2175,8.07,10.52,46,A
2176,8.06,10.5,53,A
2177,8.06,10.48,76,A
2178,8.05,10.46,13,A
2179,8.05,10.44,23,A
2180,8.04,10.42,15,A
2181,8.04,10.4,80,A
2182,8.04,10.38,79,A
2183,8.03,10.36,78,A
2184,8.03,10.34,69,A
2185,8.03,10.32,63,A
2186,8.02,10.3,28,A
2187,8.02,10.28,9,A
2188,8.02,10.26,54,A
2189,8.01,10.24,99,A
2190,8.01,10.22,93,A
2191,8.01,10.2,24,A
2192,8.01,10.18,58,A
2193,8.01,10.16,27,A
2194,8.01,10.14,36,A
2195,8.0,10.12,56,A
2196,8.0,10.1,84,A
2197,8.0,10.08,50,A
2198,8.0,10.06,2,A
2199,8.0,10.04,45,A
2200,8.0,10.02,94,A
2201,8.0,10.0,62,A
2202,8.0,9.98,53,A
2203,8.0,9.96,12,A
2204,8.0,9.94,2,A
2205,8.0,9.92,85,A
2206,8.0,9.9,91,A
2207,8.0,9.88,56,A
2208,8.0,9.86,60,A
2209,8.01,9.84,63,A
2210,8.01,9.82,10,A
2211,8.01,9.8,82,A
2212,8.01,9.78,18,A
2213,8.01,9.76,75,A
2214,8.02,9.74,91,A
2215,8.02,9.72,90,A
2216,8.02,9.7,33,A
2217,8.03,9.68,40,A
2218,8.03,9.66,98,A
2219,8.03,9.65,47,A
2220,8.04,9.63,95,A
2221,8.04,9.61,33,A
2222,8.04,9.59,77,A
2223,8.05,9.57,16,A
2224,8.05,9.55,25,A
2225,8.06,9.53,15,A
2226,8.06,9.51,29,A
2227,8.07,9.49,81,A
2228,8.07,9.47,90,A
2229,8.08,9.45,22,A
2230,8.08,9.43,29,A
2231,8.09,9.41,5,A
2232,8.09,9.39,19,A
2233,8.1,9.37,17,A
2234,8.11,9.35,24,A
2235,8.11,9.34,67,A
2236,8.12,9.32,23,A
2237,8.13,9.3,48,A
2238,8.13,9.28,39,A
2239,8.14,9.26,99,A
2240,8.15,9.24,80,A
2241,8.16,9.22,64,A
2242,8.16,9.21,16,A
2243,8.17,9.19,50,A
2244,8.18,9.17,5,A
2245,8.19,9.15,34,A
2246,8.2,9.13,65,A
2247,8.21,9.11,75,A
2248,8.22,9.1,85,A
2249,8.22,9.08,50,A
2250,8.23,9.06,37,A
2251,8.24,9.04,47,A
2252,8.25,9.03,98,A
2253,8.26,9.01,95,A
2254,8.27,8.99,7,A
2255,8.28,8.97,45,A
2256,8.29,8.96,4,A
2257,8.3,8.94,79,A
2258,8.31,8.92,66,A
2259,8.33,8.91,71,A
2260,8.34,8.89,82,A
2261,8.35,8.87,3,A
2262,8.36,8.86,64,A
2263,8.37,8.84,12,A
2264,8.38,8.82,73,A
2265,8.39,8.81,36,A
2266,8.41,8.79,11,A
2267,8.42,8.78,90,A
2268,8.43,8.76,22,A
2269,8.44,8.74,61,A
2270,8.46,8.73,72,A
2271,8.47,8.71,91,A
2272,8.48,8.7,85,A
2273,8.49,8.68,78,A
2274,8.51,8.67,45,A
2275,8.52,8.65,4,A
2276,8.53,8.64,29,A
2277,8.55,8.62,34,A
2278,8.56,8.61,33,A
2279,8.58,8.6,8,A
2280,8.59,8.58,21,A
2281,8.6,8.57,28,A
2282,8.62,8.55,97,A
2283,8.63,8.54,42,A
2284,8.65,8.53,34,A
2285,8.66,8.51,76,A
2286,8.68,8.5,99,A
2287,8.69,8.49,66,A
2288,8.71,8.47,73,A
2289,8.72,8.46,72,A
2290,8.74,8.45,89,A
2291,8.75,8.44,57,A
2292,8.77,8.42,30,A
2293,8.79,8.41,75,A
2294,8.8,8.4,20,A
2295,8.82,8.39,50,A
2296,8.83,8.38,79,A
2297,8.85,8.36,20,A
2298,8.87,8.35,58,A
2299,8.88,8.34,25,A
2300,8.9,8.33,17,A
2301,8.92,8.32,49,A
2302,8.93,8.31,83,A
2303,8.95,8.3,89,A
2304,8.97,8.29,11,A
2305,8.98,8.28,3,A
2306,9.0,8.27,91,A
2307,9.02,8.26,6,A
2308,9.04,8.25,7,A
2309,9.05,8.24,54,A
2310,9.07,8.23,58,A
2311,9.09,8.22,3,A
2312,9.11,8.21,84,A
2313,9.13,8.2,45,A
2314,9.14,8.19,18,A
2315,9.16,8.18,66,A
2316,9.18,8.18,4,A
2317,9.2,8.17,5,A
2318,9.22,8.16,64,A
2319,9.24,8.15,85,A
2320,9.25,8.14,16,A
2321,9.27,8.14,79,A
2322,9.29,8.13,77,A
2323,9.31,8.12,29,A
2324,9.33,8.12,45,A
2325,9.35,8.11,50,A
2326,9.37,8.1,64,A
2327,9.39,8.1,65,A
2328,9.4,8.09,43,A
2329,9.42,8.08,31,A
2330,9.44,8.08,44,A
2331,9.46,8.07,58,A
2332,9.48,8.07,13,A
2333,9.5,8.06,30,A
2334,9.52,8.06,39,A
2335,9.54,8.05,6,A
2336,9.56,8.05,55,A
2337,9.58,8.04,88,A
2338,9.6,8.04,38,A
2339,9.62,8.04,15,A
2340,9.64,8.03,22,A
2341,9.66,8.03,52,A
2342,9.68,8.03,99,A
2343,9.7,8.02,82,A
2344,9.72,8.02,82,A
2345,9.74,8.02,71,A
2346,9.76,8.01,14,A
2347,9.78,8.01,33,A
2348,9.8,8.01,48,A
2349,9.82,8.01,67,A
2350,9.84,8.01,84,A
2351,9.86,8.01,63,A
2352,9.88,8.0,62,A
2353,9.9,8.0,35,A
2354,9.92,8.0,90,A
2355,9.94,8.0,25,A
2356,9.96,8.0,7,A
2357,9.98,8.0,55,A
2358,10.0,8.0,99,A
2359,10.02,8.0,8,A
2360,10.04,8.0,28,A
2361,10.06,8.0,72,A
2362,10.08,8.0,88,A
2363,10.1,8.0,42,A
2364,10.12,8.0,22,A
2365,10.14,8.0,73,A
2366,10.16,8.01,87,A
2367,10.17,8.01,73,A
2368,10.19,8.01,50,A
2369,10.21,8.01,56,A
2370,10.23,8.01,69,A
2371,10.25,8.02,44,A
2372,10.27,8.02,48,A
2373,10.29,8.02,43,A
2374,10.31,8.02,79,A
2375,10.33,8.03,45,A
2376,10.35,8.03,1,A
2377,10.37,8.04,5,A
2378,10.39,8.04,82,A
2379,10.41,8.04,80,A
2380,10.43,8.05,9,A
2381,10.45,8.05,4,A
2382,10.47,8.06,66,A
2383,10.49,8.06,70,A
2384,10.51,8.07,3,A
2385,10.53,8.07,17,A
2386,10.55,8.08,24,A
2387,10.57,8.08,76,A
2388,10.59,8.09,44,A
2389,10.61,8.09,63,A
2390,10.62,8.1,30,A
2391,10.64,8.11,32,A
2392,10.66,8.11,8,A
2393,10.68,8.12,30,A
2394,10.7,8.13,56,A
2395,10.72,8.13,99,A
2396,10.74,8.14,78,A
2397,10.76,8.15,93,A
2398,10.77,8.16,95,A
2399,10.79,8.16,95,A
2400,10.81,8.17,62,A
2401,10.83,8.18,42,A
2402,10.85,8.19,26,A
2403,10.87,8.2,73,A
2404,10.88,8.21,70,A
2405,10.9,8.21,74,A
2406,10.92,8.22,92,A
2407,10.94,8.23,98,A
2408,10.95,8.24,88,A
2409,10.97,8.25,40,A
2410,10.99,8.26,22,A
2411,11.01,8.27,11,A
2412,11.02,8.28,23,A
2413,11.04,8.29,44,A
2414,11.06,8.3,68,A
2415,11.08,8.31,27,A
2416,11.09,8.32,84,A
2417,11.11,8.34,82,A
2418,11.13,8.35,89,A
2419,11.14,8.36,32,A
2420,11.16,8.37,46,A
2421,11.17,8.38,66,A
2422,11.19,8.39,16,A
2423,11.21,8.4,25,A
2424,11.22,8.42,73,A
2425,11.24,8.43,37,A
2426,11.25,8.44,67,A
2427,11.27,8.45,45,A
2428,11.28,8.47,69,A
2429,11.3,8.48,42,A
2430,11.32,8.49,45,A
2431,11.33,8.51,25,A
2432,11.35,8.52,18,A
2433,11.36,8.53,61,A
2434,11.37,8.55,72,A
2435,11.39,8.56,10,A
2436,11.4,8.57,49,A
2437,11.42,8.59,75,A
2438,11.43,8.6,10,A
2439,11.45,8.62,96,A
2440,11.46,8.63,11,A
2441,11.47,8.65,86,A
2442,11.49,8.66,45,A
2443,11.5,8.68,33,A
2444,11.51,8.69,87,A
2445,11.53,8.71,52,A
2446,11.54,8.72,92,A
2447,11.55,8.74,16,A
2448,11.56,8.75,83,A
2449,11.58,8.77,83,A
2450,11.59,8.78,34,A
2451,11.6,8.8,75,A
2452,11.61,8.82,12,A
2453,11.62,8.83,34,A
2454,11.64,8.85,29,A
2455,11.65,8.87,93,A
2456,11.66,8.88,50,A
2457,11.67,8.9,21,A
2458,11.68,8.92,40,A
2459,11.69,8.93,19,A
2460,11.7,8.95,77,A
2461,11.71,8.97,51,A
2462,11.72,8.98,31,A
2463,11.73,9.0,37,A
2464,11.74,9.02,16,A
2465,11.75,9.04,91,A
2466,11.76,9.05,77,A
2467,11.77,9.07,15,A
2468,11.78,9.09,77,A
2469,11.79,9.11,25,A
2470,11.8,9.12,57,A
2471,11.81,9.14,81,A
2472,11.82,9.16,8,A
2473,11.82,9.18,67,A
2474,11.83,9.2,15,A
2475,11.84,9.22,83,A
2476,11.85,9.23,52,A
2477,11.85,9.25,33,A
2478,11.86,9.27,58,A
2479,11.87,9.29,33,A
2480,11.88,9.31,59,A
2481,11.88,9.33,37,A
2482,11.89,9.35,63,A
2483,11.9,9.36,39,A
2484,11.9,9.38,92,A
2485,11.91,9.4,74,A
2486,11.91,9.42,69,A
2487,11.92,9.44,45,A
2488,11.93,9.46,76,A
2489,11.93,9.48,2,A
2490,11.94,9.5,90,A
2491,11.94,9.52,81,A
2492,11.95,9.54,27,A
2493,11.95,9.56,63,A
2494,11.95,9.58,0,A
2495,11.96,9.6,71,A
2496,11.96,9.62,60,A
2497,11.97,9.64,84,A
2498,11.97,9.66,14,A
2499,11.97,9.68,60,A
2500,11.98,9.69,22,A
2501,11.98,9.71,45,A
2502,11.98,9.73,68,A
2503,11.98,9.75,88,A
2504,11.99,9.77,61,A
2505,11.99,9.79,43,A
2506,11.99,9.81,0,A
2507,11.99,9.83,80,A
2508,11.99,9.85,52,A
2509,12.0,9.87,71,A
2510,12.0,9.89,96,A
2511,12.0,9.91,93,A
2512,12.0,9.93,80,A
2513,12.0,9.95,37,A
2514,12.0,9.97,41,A
2515,12.0,9.99,31,A
